AGE,SEX,STEROID,ANTIVIRALS,FATIGUE,MALAISE,ANOREXIA,LIVER_BIG,LIVER_FIRM,SPLEEN_PALPABLE,SPIDERS,ASCITES,VARICES,BILIRUBIN,ALK_PHOSPHATE,SGOT,ALBUMIN,PROTIME,HISTOLOGY,Class
0.30757423703020703,0.0,0.0,0.0,1.0,0.0,0.0,0.0,0.0,0.0,0.0,0.0,0.0,0.0055363362665437265,0.830450439981559,0.2583623591053739,0.02153019659211449,0.38536326558544165,0.0,1.0
0.32806623935401347,1.0,0.0,0.0,1.0,1.0,0.0,1.0,0.0,1.0,0.0,0.0,0.0,0.007290360874533632,0.6196806743353588,0.5467770655900224,0.02769763088159431,0.4567088097223664,0.0,1.0
0.3820625718635365,0.0,0.0,0.0,1.0,1.0,0.0,1.0,0.0,1.0,0.0,1.0,0.0,0.02759340796792208,0.8490279374745255,0.19810651874405594,0.024763314843006992,0.30423501092837163,1.0,0.0
0.21080330129305977,0.0,0.0,0.0,1.0,0.0,0.0,1.0,0.0,1.0,1.0,1.0,0.0,0.00903442719827399,0.831167302241207,0.3493311849999276,0.015659673810341584,0.377311225352388,1.0,0.0
0.18487705947022445,0.0,0.0,0.0,1.0,0.0,0.0,1.0,0.0,0.0,0.0,0.0,0.0,0.0077032108112593525,0.8144270757709334,0.26190916758281796,0.03158316432616334,0.4825720291762346,1.0,1.0
0.20812379737488176,0.0,1.0,0.0,0.0,0.0,0.0,1.0,0.0,0.0,0.0,0.0,0.0,0.004552708067575538,0.6633946041324357,0.4162475947497635,0.02601547467186022,0.585348180116855,0.0,1.0
0.1449329435093595,0.0,0.0,0.0,1.0,1.0,1.0,1.0,1.0,1.0,1.0,0.0,1.0,0.013072383140059875,0.6109918206767116,0.7644502314513276,0.011083107444833373,0.1449329435093595,1.0,1.0
0.1426028225102956,0.0,0.0,0.0,0.0,0.0,0.0,1.0,1.0,0.0,0.0,0.0,0.0,0.001501082342213638,0.911907522894785,0.18388258692117065,0.014260282251029559,0.33774352699806853,1.0,0.0
0.1826832103630593,0.0,1.0,0.0,1.0,1.0,1.0,1.0,0.0,0.0,0.0,0.0,0.0,0.006354198621323802,0.8397523332849055,0.11119847587316653,0.038125191727942806,0.4975779901413211,0.0,1.0
0.25801430879614795,0.0,1.0,0.0,1.0,0.0,0.0,1.0,0.0,0.0,0.0,0.0,0.0,0.00663465365475809,0.42756656886218797,0.6782090402641603,0.03169890079495532,0.5381441297748228,0.0,1.0
0.2833294411390338,0.0,1.0,0.0,1.0,0.0,0.0,1.0,1.0,0.0,0.0,0.0,0.0,0.005085400225572401,0.7680818773061123,0.3487131583249647,0.0319653728464551,0.4551111341113529,0.0,1.0
0.31505044823474065,1.0,0.0,0.0,1.0,1.0,0.0,1.0,0.0,0.0,0.0,0.0,0.0,0.007053368244061358,0.841701943791322,0.32445493922682245,0.013636511938518624,0.2945748475937524,0.0,1.0
0.24512773758200715,0.0,1.0,0.0,1.0,0.0,0.0,1.0,0.0,0.0,0.0,0.0,0.0,0.005719647210246833,0.4085462293033453,0.6373321177132186,0.034317883261481004,0.604648419368951,0.0,1.0
0.14084208465552187,0.0,1.0,0.0,0.0,0.0,0.0,1.0,0.0,0.0,0.0,0.0,0.0,0.002738596090524036,0.2425613680178432,0.8763507489676915,0.016431576543144217,0.39122801293200515,0.0,1.0
0.27172161072949835,0.0,0.0,0.0,1.0,1.0,1.0,1.0,1.0,0.0,1.0,1.0,1.0,0.00858068244408942,0.8437671070021264,0.11440909925452561,0.02002159236954198,0.4479514495337399,1.0,0.0
0.3562820014835001,0.0,0.0,0.0,1.0,1.0,0.0,1.0,0.0,0.0,0.0,1.0,0.0,0.007917377810744445,0.5608142615943983,0.6069989654904075,0.020453226011089818,0.43545577959094456,1.0,1.0
0.2962917052020312,1.0,1.0,0.0,1.0,0.0,0.0,1.0,1.0,0.0,1.0,0.0,0.0,0.007151868746255925,0.8939835932819906,0.28096627217433995,0.013792889724922142,0.1839051963322952,0.0,1.0
0.25897046580559296,0.0,1.0,0.0,0.0,0.0,0.0,1.0,0.0,0.0,0.0,0.0,0.0,0.05179409316111859,0.6305367863092698,0.18015336751693423,0.05179409316111859,0.7053631454440724,0.0,1.0
0.22728469961086822,0.0,1.0,0.0,0.0,0.0,0.0,1.0,0.0,0.0,0.0,0.0,0.0,0.007331764503576394,0.6231999828039935,0.1466352900715279,0.029327058014305577,0.7331764503576395,0.0,1.0
0.353370479299773,0.0,1.0,0.0,1.0,1.0,0.0,1.0,0.0,0.0,0.0,0.0,0.0,0.005769313947751396,0.7427991707729922,0.3101006246916375,0.025240748521412358,0.47596840068949015,0.0,1.0
0.20181737589388335,0.0,0.0,0.0,0.0,0.0,0.0,0.0,1.0,1.0,0.0,0.0,0.0,0.003924226753492176,0.9193902679610241,0.24666568164807964,0.017378718479751067,0.22984756699025602,0.0,1.0
0.5213881390015941,0.0,0.0,0.0,1.0,1.0,0.0,0.0,1.0,0.0,1.0,0.0,0.0,0.006837877232807791,0.6410509905757305,0.17094693082019477,0.03504412081813993,0.5354533928032557,1.0,1.0
0.25923468300517366,0.0,1.0,0.0,1.0,1.0,1.0,1.0,0.0,0.0,1.0,1.0,0.0,0.010945464393551776,0.6090613093142202,0.6567278636131066,0.013825849760275928,0.3608867640485526,1.0,0.0
0.4266033643361006,0.0,0.0,0.0,1.0,0.0,0.0,0.0,1.0,0.0,0.0,0.0,0.0,0.009091547108802145,0.5454928265281286,0.17483744440004123,0.026575291548806265,0.6993497776001649,0.0,1.0
0.1720092059875679,0.0,1.0,0.0,0.0,0.0,0.0,1.0,0.0,0.0,0.0,0.0,0.0,0.005733640199585596,0.6061929156145939,0.6880368239502715,0.022361196778383823,0.3591871563006217,0.0,1.0
0.4267739401326571,0.0,1.0,0.0,1.0,1.0,0.0,1.0,1.0,0.0,0.0,1.0,1.0,0.015436504217564194,0.7809055074767769,0.18160593197134348,0.019068622856991065,0.41769364353409,1.0,0.0
0.4114883744096565,0.0,0.0,0.0,1.0,0.0,0.0,1.0,0.0,0.0,0.0,0.0,0.0,0.005143604680120707,0.5217084746979574,0.13226412034596102,0.032331229417901584,0.7348006685886724,0.0,1.0
0.23447115545546587,0.0,1.0,0.0,0.0,0.0,0.0,1.0,0.0,0.0,0.0,0.0,0.0,0.0071051865289535115,0.751200561605377,0.4263111917372107,0.028420746115814046,0.4451084573644421,1.0,1.0
0.2850551033482685,0.0,0.0,0.0,1.0,1.0,1.0,0.0,1.0,0.0,1.0,0.0,0.0,0.01476178213767819,0.45812427323828864,0.7788112645050906,0.020361078810590606,0.3188828450430788,1.0,0.0
0.37043367342947814,1.0,0.0,1.0,0.0,0.0,0.0,1.0,1.0,0.0,0.0,0.0,0.0,0.006537064825226085,0.3268532412613043,0.2614825930090434,0.0435804321681739,0.8280282111953041,0.0,1.0
0.34606700327577067,0.0,0.0,0.0,0.0,0.0,0.0,1.0,0.0,0.0,0.0,0.0,0.0,0.009982702017570308,0.7036185309965336,0.4592042928082341,0.019299890567302594,0.41691470282662824,1.0,1.0
0.39480968906450753,0.0,1.0,0.0,0.0,0.0,0.0,1.0,0.0,0.0,1.0,0.0,1.0,0.016800412300617344,0.7056173166259284,0.19320474145709945,0.03528086583129642,0.5544136059203723,1.0,0.0
0.44997608805835393,0.0,1.0,0.0,1.0,0.0,0.0,1.0,0.0,0.0,0.0,0.0,0.0,0.008181383419242799,0.6954175906356379,0.3613444343498903,0.02931662391895336,0.42710618715013304,0.0,1.0
0.12918105458881501,0.0,0.0,1.0,1.0,1.0,0.0,1.0,1.0,0.0,0.0,0.0,0.0,0.007618369886007039,0.9274537252530309,0.32460880383856083,0.012586871985576847,0.13249338932186155,0.0,0.0
0.37847498037581057,0.0,1.0,0.0,1.0,0.0,0.0,1.0,1.0,1.0,1.0,0.0,1.0,0.007421078046584521,0.7845984019694271,0.14842156093169043,0.022263234139753563,0.4675279169348248,1.0,1.0
0.3582297042594253,0.0,0.0,1.0,1.0,1.0,1.0,0.0,1.0,0.0,0.0,0.0,0.0,0.005373445563891379,0.3582297042594253,0.6179462398475086,0.03761411894723966,0.6000347546345374,1.0,1.0
0.4195696638173135,0.0,0.0,1.0,1.0,1.0,0.0,1.0,0.0,0.0,0.0,0.0,0.0,0.008226856153280657,0.6416947799558912,0.47715765689027806,0.03784353830509102,0.4277965199705941,0.0,1.0
0.5105569316567202,0.0,1.0,0.0,1.0,0.0,0.0,1.0,0.0,0.0,0.0,0.0,0.0,0.01309120337581334,0.44510091477765357,0.19636805063720011,0.05236481350325336,0.7069249822939204,0.0,1.0
0.1458331326857399,0.0,0.0,0.0,1.0,1.0,0.0,0.0,1.0,0.0,1.0,0.0,0.0,0.012009787397649168,0.5447296426790873,0.780636180847196,0.016295619851984598,0.2686999901942393,0.0,0.0
0.1535778875712246,0.0,1.0,0.0,0.0,0.0,0.0,1.0,0.0,0.0,0.0,0.0,0.0,0.006677299459618461,0.7059619172040862,0.549878047470186,0.02536848023044021,0.4183032281728071,0.0,1.0
0.026428721978178617,0.0,1.0,0.0,0.0,0.0,0.0,1.0,1.0,1.0,0.0,0.0,0.0,0.0026428721978178616,0.9665361180591038,0.09438829277920935,0.015857233186907172,0.23652033466547193,1.0,1.0
0.18251127326711186,0.0,0.0,0.0,1.0,1.0,0.0,1.0,0.0,0.0,0.0,0.0,0.0,0.005407741430136647,0.6421692948287269,0.31094513223285725,0.025686771793149075,0.675967678767081,0.0,1.0
0.12143824247970486,0.0,1.0,1.0,1.0,0.0,0.0,1.0,1.0,0.0,1.0,0.0,0.0,0.003794945077490777,0.22390175957195582,0.9449413242952034,0.014041296786715875,0.20492703418450195,0.0,1.0
0.3487815671412966,0.0,1.0,0.0,0.0,0.0,0.0,1.0,1.0,1.0,1.0,0.0,0.0,0.006975631342825932,0.5929286641402042,0.5231723507119449,0.02790252537130373,0.5022454566834671,1.0,1.0
0.21929016834644993,0.0,1.0,0.0,1.0,1.0,1.0,1.0,0.0,0.0,1.0,1.0,0.0,0.007831791726658927,0.8280213783928689,0.15663583453317853,0.03132716690663571,0.4906270538637345,1.0,1.0
0.2700977223933695,0.0,0.0,0.0,1.0,1.0,1.0,1.0,1.0,0.0,0.0,0.0,0.0,0.00750271451092693,0.7932294713455224,0.33762215299171183,0.03001085804370772,0.42765472712283503,0.0,1.0
0.3300071109985383,0.0,1.0,0.0,0.0,0.0,0.0,1.0,0.0,0.0,0.0,0.0,0.0,0.006079078360499389,0.46027307586638233,0.36474470162996336,0.035606030397210706,0.738173800917783,1.0,1.0
0.30669078992478227,0.0,1.0,0.0,1.0,1.0,0.0,1.0,1.0,1.0,1.0,1.0,0.0,0.0014154959534989952,0.849297572099397,0.25007095178482247,0.013683127550490285,0.3491556685297521,1.0,1.0
0.060274998969916185,1.0,1.0,0.0,1.0,1.0,0.0,1.0,1.0,0.0,0.0,0.0,0.0,0.0038748213623517546,0.41116160011621394,0.9041249845487427,0.007103839164311549,0.09902321259343373,0.0,1.0
0.3810899950440686,0.0,0.0,0.0,1.0,1.0,0.0,1.0,0.0,0.0,1.0,0.0,0.0,0.009056382760185092,0.6605080764241241,0.5144737733740795,0.02373511328369215,0.3913704887887727,1.0,0.0
0.18745201284092142,0.0,1.0,0.0,0.0,0.0,0.0,1.0,1.0,0.0,1.0,0.0,1.0,0.00789271633014406,0.6412832018242048,0.6906126788876052,0.01726531697219013,0.2762450715550421,1.0,1.0
0.1894207843647645,0.0,1.0,0.0,1.0,0.0,0.0,0.0,1.0,1.0,1.0,0.0,0.0,0.006531751184991879,0.5454012239468219,0.7903418933840174,0.0107773894552366,0.20459263680078996,0.0,0.0
0.3484289406290469,0.0,1.0,0.0,0.0,0.0,0.0,1.0,0.0,1.0,0.0,0.0,0.0,0.012443890736751674,0.7051538084159282,0.331837086313378,0.031517990973662376,0.519703082330667,1.0,1.0
0.20799125057449186,0.0,0.0,0.0,1.0,0.0,0.0,1.0,1.0,0.0,0.0,0.0,0.0,0.0031198687586173777,0.3223864383904624,0.8631636898841413,0.020799125057449186,0.3275862196548247,0.0,1.0
0.3107490802968984,0.0,0.0,1.0,0.0,0.0,0.0,0.0,1.0,0.0,0.0,0.0,0.0,0.010358302676563281,0.6214981605937968,0.23903775407453723,0.035058870597598796,0.6772736365445222,0.0,1.0
0.3624784414184038,0.0,0.0,1.0,0.0,0.0,0.0,0.0,1.0,0.0,0.0,0.0,0.0,0.006677234447181122,0.6677234447181123,0.2670893778872449,0.040063406683086736,0.5914121938931851,0.0,1.0
0.19103356587187362,0.0,0.0,0.0,1.0,1.0,1.0,1.0,0.0,1.0,0.0,0.0,0.0,0.049298984741128676,0.6515209852901153,0.6223996823567495,0.013557220803810386,0.38604537260102184,1.0,0.0
0.2149033791522418,0.0,1.0,0.0,1.0,0.0,0.0,1.0,1.0,0.0,0.0,0.0,0.0,0.004395750937204946,0.6154051312086924,0.6935518145367804,0.02100192114442363,0.30597146818885057,1.0,1.0
0.33147132021884224,0.0,1.0,1.0,0.0,0.0,0.0,1.0,0.0,0.0,0.0,0.0,0.0,0.009575838139655441,0.626112493746702,0.3241052908806457,0.030937323220425274,0.626112493746702,1.0,1.0
0.26323366808672,0.0,1.0,0.0,1.0,0.0,0.0,1.0,1.0,1.0,1.0,0.0,1.0,0.026965400145468877,0.4173216689179707,0.7704400041562536,0.02182913345109385,0.40220544098832267,1.0,0.0
0.44276952285197935,0.0,1.0,0.0,1.0,0.0,0.0,0.0,1.0,0.0,0.0,0.0,0.0,0.026238193946783964,0.696952026711449,0.22958419703435967,0.031157855311805954,0.5136583142509249,1.0,1.0
0.31399000536828714,0.0,0.0,0.0,1.0,0.0,0.0,0.0,1.0,0.0,1.0,0.0,0.0,0.009235000157890798,0.6649200113681375,0.42481000726297674,0.040634000694719515,0.5263950089997755,0.0,1.0
0.4829459384655099,0.0,0.0,0.0,1.0,1.0,0.0,1.0,0.0,0.0,1.0,1.0,0.0,0.0389745845077429,0.6947643325293301,0.4660004669404043,0.02796002801642426,0.2541820728765842,1.0,0.0
0.11274278260795427,1.0,0.0,0.0,1.0,1.0,1.0,0.0,1.0,1.0,1.0,0.0,0.0,0.01296541999991474,0.845570869559657,0.3833254608670445,0.021984842608551082,0.3531417918523833,0.0,1.0
0.23127943259074438,0.0,0.0,0.0,1.0,1.0,0.0,1.0,1.0,0.0,1.0,1.0,1.0,0.023127943259074437,0.5926535460137824,0.7564764774322263,0.013009468083229371,0.1493679668815224,1.0,0.0
0.30309310563637654,0.0,0.0,0.0,0.0,0.0,0.0,1.0,0.0,0.0,0.0,0.0,0.0,0.007216502515151822,0.6134027137879049,0.10103103521212552,0.028866010060607288,0.7216502515151823,0.0,1.0
0.5111447385560679,0.0,0.0,0.0,0.0,0.0,0.0,1.0,0.0,0.0,0.0,0.0,0.0,0.006389309231950848,0.5659102462585037,0.30121029236339714,0.027382753851217922,0.5718027375935759,0.0,1.0
0.18793490741529217,1.0,0.0,0.0,1.0,0.0,0.0,0.0,1.0,1.0,1.0,0.0,0.0,0.003382828333475259,0.864500574110344,0.4397676833517837,0.012779573704239867,0.15410662408053957,1.0,1.0
0.29755496385414576,0.0,0.0,0.0,1.0,1.0,1.0,1.0,0.0,1.0,1.0,0.0,1.0,0.032589353184025484,0.749028477278862,0.38965530980900037,0.023379318588540022,0.44382143342801905,1.0,0.0
0.3477428196004594,0.0,0.0,0.0,1.0,0.0,0.0,1.0,1.0,1.0,0.0,0.0,0.0,0.00927314185601225,0.6259370752808269,0.5022951838673302,0.023182854640030625,0.4841010447827492,0.0,1.0
0.2695115676287627,1.0,0.0,0.0,0.0,0.0,0.0,0.0,0.0,0.0,0.0,0.0,0.0,0.008983718920958757,0.7636161082814944,0.16170694057725765,0.03593487568383503,0.5627901891117075,0.0,1.0
0.3248888726207477,0.0,0.0,1.0,0.0,0.0,0.0,1.0,0.0,0.0,0.0,0.0,0.0,0.010020607150808563,0.7308317381284264,0.4147517522818056,0.02626216804146603,0.43303932954486407,0.0,1.0
0.340907692191536,0.0,1.0,0.0,0.0,0.0,0.0,1.0,0.0,0.0,0.0,0.0,0.0,0.008741222876706051,0.7430039445200144,0.17482445753412104,0.034964891506824206,0.5475988862888386,0.0,1.0
0.27495604653708844,0.0,0.0,0.0,0.0,0.0,0.0,1.0,1.0,0.0,1.0,0.0,0.0,0.004458746700601434,0.5944995600801912,0.5944995600801912,0.02823872910380908,0.4655345447526687,0.0,1.0
0.187483720430078,0.0,1.0,0.0,1.0,1.0,0.0,1.0,0.0,0.0,0.0,0.0,0.0,0.0046870930107519495,0.49549268970806326,0.7365431874038778,0.029461727496155114,0.4194651593166618,0.0,1.0
0.30559085989258955,0.0,0.0,0.0,0.0,0.0,0.0,1.0,0.0,0.0,0.0,0.0,0.0,0.007052096766752066,0.6660313613043618,0.47013978445013777,0.03134265229667585,0.4908695766336987,0.0,1.0
0.09268955082875605,0.0,0.0,0.0,1.0,0.0,0.0,1.0,1.0,0.0,0.0,0.0,0.0,0.008239071184778315,0.576734982934482,0.779278816226949,0.010298838980972894,0.22657445758140365,1.0,1.0
0.17296951278802122,0.0,1.0,0.0,0.0,0.0,0.0,1.0,0.0,0.0,0.0,0.0,0.0,0.005503575406891585,0.8312416610130691,0.18869401395056862,0.029870361460350835,0.492535166161057,1.0,1.0
0.4278644704778885,0.0,0.0,0.0,1.0,0.0,0.0,1.0,0.0,0.0,0.0,0.0,0.0,0.00822816289380555,0.6993938459734717,0.24684488681416644,0.0329126515752222,0.5154579514106792,1.0,1.0
0.1433242526745661,0.0,1.0,0.0,0.0,0.0,0.0,1.0,0.0,0.0,0.0,0.0,0.0,0.004215419196310768,0.44567799237455524,0.8430838392621536,0.01686167678524307,0.26407733674103784,0.0,1.0
0.1980713227819789,0.0,0.0,0.0,1.0,1.0,1.0,1.0,1.0,0.0,0.0,0.0,0.0,0.011318361301827366,0.31125493580025254,0.8700990250779788,0.028295903254568416,0.32540288742753676,0.0,1.0
0.14165698778523964,0.0,1.0,0.0,1.0,1.0,1.0,1.0,0.0,0.0,1.0,0.0,1.0,0.015493733039010586,0.9517578866820788,0.2390461668875919,0.015051054952181711,0.12837664518037342,0.0,1.0
0.29425191219858393,0.0,0.0,0.0,1.0,1.0,1.0,1.0,0.0,0.0,0.0,1.0,0.0,0.015486942747293892,0.5575299389025801,0.6891689522545782,0.02245606698357614,0.3561996831877595,0.0,1.0
0.1921672945380951,0.0,1.0,0.0,0.0,0.0,0.0,1.0,0.0,0.0,0.0,0.0,0.0,0.004612015068914283,0.8126805903881849,0.2613475205718094,0.04919482740175236,0.48153718514887733,1.0,1.0
0.2912445497596818,0.0,0.0,0.0,1.0,1.0,0.0,1.0,1.0,1.0,1.0,0.0,0.0,0.007404522451517333,0.5281892682082364,0.7750066832588143,0.0177708538836416,0.18758123543843913,1.0,0.0
0.20282547779613166,0.0,0.0,0.0,0.0,0.0,0.0,1.0,0.0,0.0,0.0,0.0,0.0,0.004732594481909738,0.6760849259871056,0.20958632705600272,0.02704339703948422,0.6760849259871056,0.0,1.0
0.25120936416517525,0.0,1.0,0.0,0.0,0.0,0.0,1.0,0.0,0.0,0.0,0.0,0.0,0.004186822736086254,0.8373645472172508,0.2093411368043127,0.02791215157390836,0.4371431586685838,1.0,1.0
0.1162769545320922,0.0,0.0,0.0,1.0,1.0,1.0,0.0,1.0,0.0,1.0,0.0,1.0,0.005490856186237687,0.9528250440824222,0.19379492422015368,0.008720771589906915,0.20233989028808871,1.0,1.0
0.4127666966037417,0.0,0.0,0.0,1.0,1.0,0.0,1.0,0.0,0.0,0.0,0.0,0.0,0.006657527364576479,0.7038714993327008,0.3994516418745887,0.025293361837859452,0.41706459401631635,0.0,0.0
0.4684264833269107,0.0,1.0,1.0,1.0,0.0,0.0,1.0,1.0,0.0,0.0,0.0,0.0,0.006505923379540427,0.7481811886471491,0.3383080157361022,0.02212013949043745,0.32529616897702135,1.0,1.0
0.3718244918823964,0.0,1.0,0.0,0.0,0.0,0.0,0.0,1.0,0.0,1.0,0.0,0.0,0.00583254104913563,0.770811591969285,0.2405923182768447,0.03280804340138792,0.45672857044576315,1.0,1.0
0.3902529547611579,0.0,0.0,0.0,1.0,1.0,0.0,1.0,0.0,1.0,1.0,0.0,0.0,0.011150084421747367,0.6769694113203759,0.5575042210873684,0.027875211054368423,0.2787521105436842,1.0,0.0
0.2705904298261959,0.0,0.0,0.0,0.0,0.0,0.0,1.0,0.0,1.0,0.0,0.0,0.0,0.006013120662804353,0.6388940704229625,0.3307216364542394,0.03156888347972286,0.6388940704229625,0.0,1.0
0.13999524525914483,0.0,0.0,0.0,1.0,0.0,0.0,1.0,0.0,0.0,1.0,0.0,0.0,0.003405289749546766,0.40002946546543966,0.8740243690503366,0.01626971769227899,0.2370292400915182,1.0,1.0
0.2744619096959154,0.0,1.0,0.0,1.0,0.0,0.0,1.0,1.0,1.0,0.0,1.0,1.0,0.015369866942971261,0.8508319200573378,0.4116928645438731,0.013174171665403939,0.17565562220538586,1.0,0.0
0.15776465125815745,0.0,1.0,0.0,1.0,1.0,1.0,1.0,1.0,0.0,1.0,1.0,1.0,0.013147054271513121,0.867705581919866,0.3365645893507359,0.014724700784094694,0.32944188146692877,1.0,0.0
0.09942695118179991,0.0,0.0,0.0,1.0,1.0,1.0,1.0,0.0,0.0,1.0,1.0,0.0,0.004971347559089996,0.7954156094543993,0.5866190119726195,0.014416907921360987,0.1143409938590699,1.0,1.0
0.21242600473152068,0.0,1.0,0.0,0.0,0.0,0.0,1.0,0.0,0.0,0.0,0.0,0.0,0.007080866824384024,0.7257888494993624,0.34519225768872114,0.038059659181064125,0.5544811695233628,0.0,1.0
0.2053148035076316,0.0,1.0,0.0,0.0,0.0,0.0,1.0,0.0,0.0,0.0,0.0,0.0,0.006083401585411307,0.8039645878419123,0.28896157530703703,0.03193785832340936,0.47637269693355305,0.0,1.0
0.10634946786318306,0.0,0.0,0.0,0.0,0.0,0.0,1.0,0.0,0.0,0.0,0.0,0.0,0.004785726053843238,0.4732551319911646,0.8082559557601912,0.02126989357263661,0.33311614965499553,1.0,1.0
0.2784566558825508,0.0,1.0,0.0,0.0,0.0,0.0,1.0,0.0,0.0,0.0,0.0,0.0,0.005569133117651016,0.7741095033534913,0.4510997825297323,0.021719619158838962,0.34528625329436297,1.0,1.0
0.38356682783747525,0.0,1.0,0.0,1.0,1.0,1.0,1.0,0.0,0.0,1.0,1.0,0.0,0.027589894633923657,0.7114536395240362,0.323003644494716,0.017496030743463786,0.49123470933571395,0.0,0.0
0.3142780639670275,0.0,0.0,0.0,1.0,1.0,1.0,0.0,1.0,0.0,0.0,0.0,0.0,0.004962285220532013,0.628556127934055,0.14886855661596038,0.03639009161723476,0.6947199308744818,1.0,1.0
0.2635001869205114,1.0,1.0,0.0,1.0,1.0,1.0,0.0,1.0,0.0,1.0,0.0,0.0,0.005425003848363469,0.542500384836347,0.1860001319438904,0.03177502254041461,0.7750005497662099,1.0,1.0
0.22391449736179628,0.0,0.0,0.0,1.0,0.0,0.0,1.0,0.0,0.0,0.0,0.0,0.0,0.009546855584684865,0.6962796720409631,0.5423364875989235,0.02502055233373476,0.41256621274889416,0.0,1.0
0.27011676032319154,0.0,1.0,0.0,0.0,0.0,0.0,1.0,0.0,0.0,0.0,0.0,0.0,0.008185356373430047,0.37652639317778214,0.7366820736087042,0.03601556804309221,0.4911213824058028,0.0,1.0
0.3905515353662413,0.0,1.0,0.0,0.0,0.0,0.0,1.0,0.0,0.0,0.0,0.0,0.0,0.008368961472133743,0.5579307648089162,0.585827303049362,0.043704576576698434,0.43704576576698434,0.0,1.0
0.2574473256784315,1.0,1.0,1.0,1.0,0.0,0.0,1.0,0.0,0.0,0.0,0.0,0.0,0.010531936050481288,0.5617032560256687,0.23404302334402863,0.049149034902246015,0.7489376747008917,0.0,1.0
0.17012482820505534,1.0,0.0,0.0,0.0,0.0,0.0,1.0,1.0,0.0,0.0,0.0,0.0,0.00327163131163568,0.8833404541416335,0.18975461607486943,0.024864397968431165,0.3925957573962816,0.0,1.0
0.47846590996516697,0.0,0.0,1.0,0.0,0.0,0.0,1.0,0.0,0.0,0.0,0.0,0.0,0.006440887249531093,0.69009506244976,0.5060697124631574,0.036805069997320534,0.1932266174859328,0.0,1.0
0.27893814220579455,0.0,0.0,0.0,1.0,1.0,0.0,1.0,0.0,1.0,0.0,0.0,1.0,0.005705552908754888,0.8558329363132333,0.3486726777572432,0.02408512054658122,0.25991963250994493,1.0,0.0
0.2816842721425577,0.0,0.0,0.0,1.0,1.0,1.0,1.0,0.0,0.0,0.0,0.0,0.0,0.006090470749028276,0.7004041361382516,0.44917221774083527,0.028923741500060458,0.4769262616604578,0.0,1.0
0.36361052343728184,0.0,1.0,0.0,1.0,0.0,0.0,1.0,0.0,1.0,1.0,1.0,0.0,0.010147270421505539,0.8456058684587949,0.16066511500717104,0.026213781922222644,0.3551544647526939,1.0,0.0
0.2209893574682379,0.0,1.0,0.0,0.0,0.0,0.0,1.0,0.0,0.0,0.0,0.0,0.0,0.00942213883584622,0.6871837203729927,0.5589730806549547,0.02469369267680055,0.4071765934885738,0.0,1.0
0.2978670196620143,0.0,1.0,0.0,0.0,0.0,0.0,1.0,0.0,0.0,0.0,0.0,0.0,0.005635321993605676,0.20931195976249656,0.4669266794701846,0.03622706995889363,0.8050459990865252,0.0,1.0
0.17414905095242172,0.0,1.0,0.0,1.0,1.0,1.0,1.0,0.0,0.0,0.0,0.0,0.0,0.003073218546219207,0.2595162327918441,0.9253802511393389,0.015024624003738345,0.21391502932825393,0.0,1.0
0.339760623625199,0.0,1.0,1.0,1.0,0.0,0.0,1.0,1.0,0.0,0.0,0.0,0.0,0.007458160030797051,0.6712344027717345,0.49721066871980335,0.032318693466787216,0.43091591289049624,0.0,1.0
0.4827354527458356,1.0,0.0,0.0,1.0,0.0,0.0,1.0,0.0,1.0,1.0,0.0,1.0,0.013662324134316102,0.7377655032530696,0.17305610570133728,0.037343685967130676,0.43719437229811525,1.0,1.0
0.12848888417398777,0.0,0.0,0.0,1.0,1.0,1.0,1.0,0.0,0.0,0.0,0.0,0.0,0.003120444329939703,0.20007554821378096,0.9691732977695078,0.005139555366959511,0.06424444208699388,1.0,0.0
0.08769719458716498,0.0,1.0,0.0,1.0,1.0,1.0,1.0,0.0,1.0,0.0,0.0,0.0,0.0049567979549267165,0.7397067717352176,0.5719382255684672,0.015632978165538103,0.34316293534108033,0.0,1.0
0.1884969358520711,0.0,0.0,1.0,0.0,0.0,0.0,0.0,1.0,0.0,0.0,0.0,0.0,0.0034906839972605763,0.5410560195753893,0.7854038993836296,0.012566462390138075,0.2338758278164586,1.0,1.0
0.3331199605484388,0.0,0.0,1.0,1.0,1.0,0.0,1.0,0.0,0.0,0.0,0.0,0.0,0.010409998767138712,0.5725499321926292,0.46844994452124206,0.04268099494526872,0.582959930959768,0.0,1.0
0.24634521461532796,0.0,1.0,0.0,0.0,0.0,0.0,1.0,0.0,0.0,0.0,0.0,0.0,0.0061586303653831985,0.7478336872251028,0.2727393447526845,0.043110412557682394,0.5511584390285976,0.0,1.0
0.09488643890202243,0.0,1.0,0.0,1.0,0.0,0.0,0.0,1.0,1.0,1.0,1.0,1.0,0.004934094822905167,0.6869778176506424,0.6869778176506424,0.017079559002364037,0.21634108069661115,1.0,1.0
0.30740979574141764,0.0,1.0,0.0,0.0,0.0,0.0,1.0,0.0,0.0,0.0,0.0,0.0,0.00922229387224253,0.6148195914828353,0.6148195914828353,0.03258543834859027,0.38515723522133566,0.0,1.0
0.42092134838970385,0.0,0.0,0.0,1.0,0.0,0.0,0.0,1.0,1.0,1.0,0.0,0.0,0.010169667639489512,0.7417031488512967,0.2806142322598026,0.0266528281624714,0.43948096058663383,1.0,1.0
0.2733588816830582,1.0,1.0,0.0,1.0,1.0,0.0,1.0,1.0,0.0,1.0,0.0,0.0,0.005731718486902834,0.6216710051179227,0.68780621842834,0.0171951554607085,0.2557228248002803,0.0,1.0
0.14572583774084882,0.0,1.0,0.0,1.0,1.0,1.0,1.0,1.0,0.0,1.0,0.0,0.0,0.0060719099058687016,0.4796808825636274,0.8439954769157495,0.011536628821150533,0.19018912736800128,1.0,1.0
0.17039445921669266,0.0,1.0,0.0,1.0,0.0,0.0,1.0,1.0,0.0,0.0,0.0,0.0,0.012495593675890796,0.32374947251171604,0.8178934042401248,0.027831095005393137,0.4430255939634009,0.0,1.0
0.3889805660027865,0.0,0.0,1.0,1.0,1.0,1.0,1.0,1.0,0.0,1.0,0.0,0.0,0.004763027338809631,0.6747622063313644,0.3810421871047705,0.029372001922659395,0.4973042679276132,0.0,1.0
0.16861408149121254,0.0,1.0,0.0,1.0,1.0,1.0,1.0,0.0,0.0,1.0,1.0,1.0,0.02785797868115685,0.38753990603607463,0.8870566895842051,0.01209622758523916,0.18327617553392667,1.0,0.0
0.2814029114784711,1.0,0.0,1.0,0.0,0.0,0.0,1.0,0.0,0.0,0.0,0.0,0.0,0.004502446583655537,0.5065252406612479,0.2026100962644992,0.048401300774297024,0.787928152139719,0.0,1.0
0.28424293106968623,0.0,1.0,1.0,1.0,0.0,0.0,1.0,1.0,1.0,0.0,0.0,0.0,0.008527287932090587,0.6040162285230832,0.22028827157900682,0.028424293106968625,0.7106073276742156,0.0,1.0
0.3988675934482995,0.0,0.0,1.0,1.0,1.0,0.0,1.0,0.0,0.0,1.0,0.0,0.0,0.004748423731527375,0.5888045427093945,0.645785627487723,0.03608802035960805,0.27540857642858774,1.0,0.0
0.2894817195381686,0.0,0.0,0.0,1.0,1.0,0.0,0.0,1.0,0.0,1.0,0.0,0.0,0.019737389968511494,0.7500208188034369,0.42764344931774906,0.02302695496326341,0.41215334579815777,1.0,1.0
0.2960088912947058,0.0,0.0,0.0,1.0,1.0,0.0,1.0,0.0,0.0,0.0,1.0,0.0,0.006278976482008911,0.565107883380802,0.7175973122295899,0.02690989920860962,0.27806895848896607,1.0,0.0
0.2806896884432367,0.0,0.0,1.0,0.0,0.0,0.0,1.0,0.0,0.0,0.0,0.0,0.0,0.006338154255169861,0.41650727962544803,0.4708343160983326,0.03621802431525635,0.7243604863051271,0.0,1.0
0.5479258060633081,0.0,1.0,0.0,1.0,0.0,0.0,1.0,0.0,0.0,0.0,0.0,0.0,0.004917282874927124,0.6743702228471485,0.22479007428238282,0.028098759285297852,0.4400656952624654,0.0,1.0
0.26383706590330125,0.0,1.0,0.0,0.0,0.0,0.0,1.0,0.0,0.0,0.0,0.0,0.0,0.006983922332734445,0.7371918017886359,0.2172775836850716,0.031039654812153088,0.5819935277278704,0.0,1.0
0.23023483676735298,0.0,1.0,1.0,1.0,1.0,1.0,1.0,0.0,0.0,1.0,0.0,0.0,0.004241168045714397,0.7573514367347137,0.3938227471020511,0.025447008274286382,0.4665284850285837,0.0,1.0
