C,gamma,accuracies,efficiencies,avg_accuracy,avg_efficiency
0.001,auto,"[0.7857, 0.7333, 0.7857, 0.7647, 0.8125, 0.8235, 0.8, 0.8, 0.8125, 0.8125]","[0.001, 0.001, 0.0011, 0.001, 0.001, 0.001, 0.001, 0.0013, 0.0021, 0.0012]",0.793,0.0012
0.001,1,"[0.7857, 0.7333, 0.7857, 0.7647, 0.8125, 0.8235, 0.8, 0.8, 0.8125, 0.8125]","[0.0016, 0.001, 0.0012, 0.002, 0.0021, 0.0016, 0.0016, 0.0015, 0.0022, 0.0031]",0.793,0.0018
0.001,0.1,"[0.7857, 0.7333, 0.7857, 0.7647, 0.8125, 0.8235, 0.8, 0.8, 0.8125, 0.8125]","[0.003, 0.0032, 0.0024, 0.002, 0.003, 0.004, 0.0026, 0.003, 0.0022, 0.0012]",0.793,0.0027
0.001,0.01,"[0.7857, 0.7333, 0.7857, 0.7647, 0.8125, 0.8235, 0.8, 0.8, 0.8125, 0.8125]","[0.0035, 0.0014, 0.001, 0.001, 0.001, 0.0025, 0.0012, 0.0012, 0.0, 0.0011]",0.793,0.0014
0.001,0.001,"[0.7857, 0.7333, 0.7857, 0.7647, 0.8125, 0.8235, 0.8, 0.8, 0.8125, 0.8125]","[0.0011, 0.002, 0.001, 0.0006, 0.001, 0.0014, 0.0014, 0.0013, 0.0006, 0.0022]",0.793,0.0013
0.01,auto,"[0.7857, 0.7333, 0.7857, 0.7647, 0.8125, 0.8235, 0.8, 0.8, 0.8125, 0.8125]","[0.0016, 0.001, 0.0016, 0.001, 0.0013, 0.0016, 0.0023, 0.0025, 0.002, 0.002]",0.793,0.0017
0.01,1,"[0.7857, 0.7333, 0.7857, 0.7647, 0.8125, 0.8235, 0.8, 0.8, 0.8125, 0.8125]","[0.0021, 0.002, 0.001, 0.0021, 0.004, 0.0024, 0.0026, 0.001, 0.0011, 0.0032]",0.793,0.0022
0.01,0.1,"[0.7857, 0.7333, 0.7857, 0.7647, 0.8125, 0.8235, 0.8, 0.8, 0.8125, 0.8125]","[0.0012, 0.001, 0.002, 0.0011, 0.0017, 0.0005, 0.0022, 0.002, 0.0014, 0.001]",0.793,0.0014
0.01,0.01,"[0.7857, 0.7333, 0.7857, 0.7647, 0.8125, 0.8235, 0.8, 0.8, 0.8125, 0.8125]","[0.002, 0.0022, 0.0021, 0.0011, 0.002, 0.0012, 0.0021, 0.0022, 0.0021, 0.0012]",0.793,0.0018
0.01,0.001,"[0.7857, 0.7333, 0.7857, 0.7647, 0.8125, 0.8235, 0.8, 0.8, 0.8125, 0.8125]","[0.0016, 0.001, 0.0013, 0.0023, 0.002, 0.0011, 0.0023, 0.0041, 0.0032, 0.0043]",0.793,0.0023
0.1,auto,"[0.7857, 0.7333, 0.7857, 0.7647, 0.8125, 0.8235, 0.8, 0.8, 0.8125, 0.8125]","[0.0021, 0.0029, 0.002, 0.002, 0.0023, 0.0033, 0.0048, 0.0005, 0.002, 0.002]",0.793,0.0024
0.1,1,"[0.7857, 0.7333, 0.7857, 0.7647, 0.8125, 0.8235, 0.8, 0.8, 0.8125, 0.8125]","[0.0016, 0.002, 0.001, 0.001, 0.002, 0.001, 0.001, 0.0021, 0.0022, 0.0021]",0.793,0.0016
0.1,0.1,"[0.7857, 0.7333, 0.7857, 0.7647, 0.8125, 0.8235, 0.8, 0.8, 0.8125, 0.8125]","[0.001, 0.001, 0.0012, 0.001, 0.001, 0.0015, 0.001, 0.001, 0.0011, 0.0014]",0.793,0.0011
0.1,0.01,"[0.7857, 0.7333, 0.7857, 0.7647, 0.8125, 0.8235, 0.8, 0.8, 0.8125, 0.8125]","[0.0015, 0.0015, 0.001, 0.0012, 0.0021, 0.0012, 0.001, 0.001, 0.0011, 0.001]",0.793,0.0013
0.1,0.001,"[0.7857, 0.7333, 0.7857, 0.7647, 0.8125, 0.8235, 0.8, 0.8, 0.8125, 0.8125]","[0.0014, 0.002, 0.0019, 0.0029, 0.0024, 0.0021, 0.0033, 0.0028, 0.002, 0.0021]",0.793,0.0023
10.0,auto,"[0.8571, 0.8667, 0.7143, 0.7647, 1.0, 0.7647, 0.7333, 0.8, 0.8125, 1.0]","[0.002, 0.0023, 0.0023, 0.003, 0.0021, 0.0031, 0.0021, 0.002, 0.0021, 0.0011]",0.8313,0.0022
10.0,1,"[0.7857, 0.8, 0.7143, 0.7059, 0.9375, 0.8824, 0.8, 0.6667, 0.9375, 0.875]","[0.0025, 0.001, 0.0021, 0.001, 0.002, 0.001, 0.0023, 0.001, 0.002, 0.0014]",0.8105,0.0016
10.0,0.1,"[0.8571, 0.8, 0.7143, 0.7647, 1.0, 0.7647, 0.7333, 0.7333, 0.8125, 0.9375]","[0.0035, 0.0022, 0.003, 0.0041, 0.0029, 0.0025, 0.003, 0.0032, 0.004, 0.003]",0.8117,0.0031
10.0,0.01,"[0.8571, 0.8667, 0.7143, 0.6471, 0.9375, 0.7647, 0.9333, 0.8667, 0.8125, 0.9375]","[0.004, 0.0044, 0.0021, 0.0054, 0.0026, 0.0021, 0.0012, 0.0024, 0.0022, 0.0023]",0.8337,0.0029
10.0,0.001,"[0.7857, 0.7333, 0.7857, 0.7647, 0.8125, 0.8235, 0.8, 0.8, 0.8125, 0.8125]","[0.0033, 0.0023, 0.002, 0.001, 0.0016, 0.001, 0.001, 0.001, 0.001, 0.0005]",0.793,0.0015
50.0,auto,"[0.8571, 0.7333, 0.7143, 0.7647, 0.875, 0.7647, 0.6667, 0.8, 0.8125, 0.9375]","[0.001, 0.001, 0.0017, 0.002, 0.0022, 0.002, 0.001, 0.002, 0.001, 0.001]",0.7926,0.0015
50.0,1,"[0.7143, 0.8, 0.7143, 0.7647, 0.875, 0.8824, 0.8, 0.6667, 0.9375, 0.875]","[0.001, 0.001, 0.002, 0.001, 0.001, 0.001, 0.001, 0.001, 0.001, 0.001]",0.803,0.0011
50.0,0.1,"[0.7857, 0.8, 0.7143, 0.7647, 0.8125, 0.8235, 0.6667, 0.7333, 0.8125, 0.9375]","[0.001, 0.0019, 0.0036, 0.0012, 0.0019, 0.0024, 0.001, 0.0017, 0.0022, 0.0026]",0.7851,0.0019
50.0,0.01,"[0.8571, 0.8667, 0.7143, 0.7059, 1.0, 0.7059, 0.8, 0.8667, 0.8125, 1.0]","[0.0023, 0.0011, 0.0011, 0.0017, 0.0022, 0.0012, 0.0026, 0.002, 0.0015, 0.0016]",0.8329,0.0017
50.0,0.001,"[0.8571, 0.7333, 0.7857, 0.6471, 0.875, 0.8235, 0.8, 0.8667, 0.8125, 0.875]","[0.0, 0.0011, 0.0016, 0.001, 0.001, 0.001, 0.0005, 0.0016, 0.0011, 0.001]",0.8076,0.001
100.0,auto,"[0.7857, 0.7333, 0.7143, 0.7647, 0.875, 0.8235, 0.6667, 0.7333, 0.8125, 0.9375]","[0.0005, 0.001, 0.0012, 0.001, 0.001, 0.001, 0.0, 0.001, 0.0011, 0.0]",0.7847,0.0008
100.0,1,"[0.7143, 0.8, 0.7143, 0.7647, 0.875, 0.8824, 0.8, 0.6667, 0.9375, 0.875]","[0.0011, 0.0, 0.001, 0.001, 0.001, 0.001, 0.0, 0.001, 0.001, 0.001]",0.803,0.0008
100.0,0.1,"[0.7857, 0.8, 0.7143, 0.7647, 0.8125, 0.8824, 0.7333, 0.7333, 0.8125, 0.875]","[0.0011, 0.001, 0.001, 0.001, 0.0029, 0.0005, 0.0011, 0.0021, 0.0022, 0.002]",0.7914,0.0015
100.0,0.01,"[0.8571, 0.8667, 0.7143, 0.7059, 1.0, 0.7647, 0.7333, 0.8667, 0.8125, 0.9375]","[0.0013, 0.002, 0.001, 0.0021, 0.001, 0.0011, 0.0012, 0.001, 0.002, 0.0012]",0.8259,0.0014
100.0,0.001,"[0.8571, 0.8667, 0.7143, 0.6471, 0.9375, 0.7647, 0.9333, 0.8667, 0.8125, 0.9375]","[0.0005, 0.0023, 0.001, 0.0016, 0.001, 0.001, 0.0019, 0.001, 0.001, 0.001]",0.8337,0.0012
