C,degree,coef0,accuracies,efficiencies,avg_accuracy,avg_efficiency
0.001,3,0.1,"[0.7857, 0.7333, 0.7857, 0.7647, 0.8125, 0.8235, 0.8, 0.8, 0.8125, 0.8125]","[0.0025, 0.0021, 0.0, 0.001, 0.001, 0.001, 0.001, 0.001, 0.001, 0.001]",0.793,0.0012
0.001,3,1.0,"[0.7857, 0.7333, 0.7857, 0.7647, 0.8125, 0.8235, 0.8, 0.8, 0.8125, 0.8125]","[0.0012, 0.001, 0.002, 0.0016, 0.001, 0.001, 0.001, 0.001, 0.0015, 0.001]",0.793,0.0012
0.001,3,5.0,"[0.7857, 0.7333, 0.7857, 0.7647, 0.8125, 0.8235, 0.8, 0.8, 0.8125, 0.8125]","[0.0011, 0.0016, 0.0014, 0.001, 0.001, 0.0, 0.001, 0.001, 0.001, 0.001]",0.793,0.001
0.001,3,10.0,"[0.8571, 0.8667, 0.7857, 0.6471, 0.9375, 0.8235, 0.8667, 0.8667, 0.875, 0.9375]","[0.001, 0.0021, 0.001, 0.0022, 0.002, 0.001, 0.0025, 0.0016, 0.0014, 0.0]",0.8464,0.0015
0.001,5,0.1,"[0.7857, 0.7333, 0.7857, 0.7647, 0.8125, 0.8235, 0.8, 0.8, 0.8125, 0.8125]","[0.001, 0.001, 0.0015, 0.0029, 0.0, 0.0, 0.0, 0.001, 0.0, 0.0016]",0.793,0.0009
0.001,5,1.0,"[0.7143, 0.8667, 0.7857, 0.6471, 0.875, 0.8235, 0.8, 0.8667, 0.8125, 0.875]","[0.0011, 0.001, 0.001, 0.001, 0.001, 0.001, 0.001, 0.001, 0.001, 0.0014]",0.8066,0.0011
0.001,5,5.0,"[0.8571, 0.7333, 0.6429, 0.7647, 0.9375, 0.8235, 0.6667, 0.8, 0.8125, 0.9375]","[0.0011, 0.001, 0.001, 0.001, 0.0, 0.001, 0.0014, 0.0, 0.001, 0.001]",0.7976,0.0008
0.001,5,10.0,"[0.7857, 0.8, 0.7143, 0.7059, 0.8125, 0.8824, 0.7333, 0.8, 0.8125, 0.875]","[0.0011, 0.0, 0.0, 0.0011, 0.001, 0.0, 0.001, 0.001, 0.0015, 0.001]",0.7922,0.0008
0.001,7,0.1,"[0.7143, 0.8667, 0.7857, 0.6471, 0.875, 0.8235, 0.8667, 0.8667, 0.8125, 0.875]","[0.0014, 0.0015, 0.0021, 0.001, 0.0016, 0.001, 0.001, 0.0005, 0.0, 0.0006]",0.8133,0.0011
0.001,7,1.0,"[0.8571, 0.7333, 0.7143, 0.6471, 1.0, 0.8824, 0.8, 0.8, 0.8125, 0.875]","[0.0011, 0.002, 0.0012, 0.0026, 0.001, 0.001, 0.001, 0.001, 0.0014, 0.0013]",0.8122,0.0014
0.001,7,5.0,"[0.7143, 0.7333, 0.7857, 0.7647, 0.8125, 0.7647, 0.7333, 0.6667, 0.8125, 0.875]","[0.0014, 0.001, 0.0023, 0.0011, 0.001, 0.0022, 0.001, 0.001, 0.001, 0.0011]",0.7663,0.0013
0.001,7,10.0,"[0.7857, 0.8, 0.7143, 0.7647, 0.8125, 0.8235, 0.7333, 0.7333, 0.8125, 0.9375]","[0.001, 0.001, 0.001, 0.0, 0.001, 0.001, 0.001, 0.0021, 0.001, 0.0016]",0.7917,0.0011
0.001,10,0.1,"[0.7143, 0.8, 0.7143, 0.6471, 0.9375, 0.8824, 0.8, 0.8667, 0.8125, 0.8125]","[0.0012, 0.001, 0.0011, 0.001, 0.0011, 0.001, 0.0011, 0.001, 0.001, 0.0012]",0.7987,0.0011
0.001,10,1.0,"[0.7143, 0.7333, 0.6429, 0.6471, 1.0, 0.8824, 0.7333, 0.6667, 0.8125, 0.8125]","[0.0, 0.001, 0.0011, 0.0, 0.001, 0.001, 0.0011, 0.001, 0.001, 0.0005]",0.7645,0.0008
0.001,10,5.0,"[0.7143, 0.8, 0.7143, 0.7059, 0.8125, 0.7647, 0.8, 0.6667, 0.8125, 0.875]","[0.0011, 0.001, 0.001, 0.001, 0.0017, 0.0016, 0.0011, 0.0011, 0.0015, 0.0]",0.7666,0.0011
0.001,10,10.0,"[0.7143, 0.8, 0.7857, 0.7647, 0.8125, 0.8235, 0.7333, 0.6667, 0.8125, 0.875]","[0.0011, 0.0021, 0.0011, 0.001, 0.0, 0.001, 0.001, 0.0028, 0.0016, 0.001]",0.7788,0.0013
0.01,3,0.1,"[0.7857, 0.7333, 0.7857, 0.7647, 0.8125, 0.8235, 0.8, 0.8, 0.8125, 0.8125]","[0.001, 0.0014, 0.0025, 0.0012, 0.001, 0.0011, 0.001, 0.0, 0.001, 0.001]",0.793,0.0011
0.01,3,1.0,"[0.7143, 0.7333, 0.7857, 0.6471, 0.8125, 0.8235, 0.8, 0.8667, 0.8125, 0.875]","[0.0011, 0.001, 0.001, 0.0005, 0.001, 0.0016, 0.001, 0.0011, 0.001, 0.001]",0.7871,0.001
0.01,3,5.0,"[0.8571, 0.8667, 0.7143, 0.6471, 1.0, 0.8235, 0.8, 0.8667, 0.8125, 1.0]","[0.0011, 0.001, 0.0012, 0.001, 0.0, 0.0014, 0.0, 0.0, 0.001, 0.001]",0.8388,0.0008
0.01,3,10.0,"[0.8571, 0.8667, 0.7143, 0.7647, 1.0, 0.7647, 0.7333, 0.8, 0.8125, 1.0]","[0.001, 0.001, 0.001, 0.001, 0.001, 0.0005, 0.0, 0.0011, 0.0, 0.0]",0.8313,0.0007
0.01,5,0.1,"[0.7143, 0.9333, 0.7143, 0.6471, 0.875, 0.8235, 0.8, 0.8667, 0.8125, 0.875]","[0.0013, 0.0, 0.0, 0.0, 0.001, 0.001, 0.0, 0.001, 0.001, 0.001]",0.8062,0.0006
0.01,5,1.0,"[0.8571, 0.8, 0.7143, 0.6471, 1.0, 0.8235, 0.8, 0.8, 0.8125, 0.9375]","[0.0011, 0.001, 0.001, 0.001, 0.0, 0.0014, 0.0005, 0.001, 0.0, 0.0]",0.8192,0.0007
0.01,5,5.0,"[0.7857, 0.8, 0.7143, 0.7059, 0.8125, 0.8824, 0.7333, 0.7333, 0.8125, 0.875]","[0.0014, 0.001, 0.001, 0.001, 0.001, 0.0011, 0.0015, 0.0, 0.0, 0.001]",0.7855,0.0009
0.01,5,10.0,"[0.7857, 0.7333, 0.7857, 0.7647, 0.8125, 0.7647, 0.7333, 0.7333, 0.8125, 0.875]","[0.0, 0.0005, 0.001, 0.0, 0.0014, 0.0005, 0.0006, 0.0, 0.0012, 0.0015]",0.7801,0.0007
0.01,7,0.1,"[0.8571, 0.7333, 0.7143, 0.6471, 1.0, 0.8824, 0.8, 0.8667, 0.875, 0.875]","[0.0011, 0.0005, 0.0005, 0.001, 0.0011, 0.0019, 0.0013, 0.001, 0.0005, 0.001]",0.8251,0.001
0.01,7,1.0,"[0.7857, 0.7333, 0.7143, 0.6471, 1.0, 0.8824, 0.6667, 0.6667, 0.8125, 0.8125]","[0.0011, 0.001, 0.001, 0.001, 0.001, 0.001, 0.0011, 0.0, 0.0015, 0.001]",0.7721,0.001
0.01,7,5.0,"[0.7143, 0.8, 0.7857, 0.7647, 0.8125, 0.7647, 0.7333, 0.6667, 0.8125, 0.875]","[0.0, 0.0, 0.001, 0.001, 0.0012, 0.0011, 0.001, 0.001, 0.002, 0.0011]",0.7729,0.0009
0.01,7,10.0,"[0.7857, 0.8, 0.7143, 0.7647, 0.8125, 0.8235, 0.7333, 0.7333, 0.8125, 0.9375]","[0.001, 0.0011, 0.0019, 0.001, 0.001, 0.0, 0.001, 0.001, 0.0, 0.0016]",0.7917,0.001
0.01,10,0.1,"[0.7143, 0.7333, 0.7143, 0.5882, 1.0, 0.8824, 0.7333, 0.6667, 0.8125, 0.75]","[0.0011, 0.001, 0.0, 0.0014, 0.0012, 0.001, 0.0005, 0.001, 0.0022, 0.001]",0.7595,0.001
0.01,10,1.0,"[0.7143, 0.6667, 0.6429, 0.7059, 1.0, 0.7647, 0.7333, 0.6, 0.8125, 0.875]","[0.0018, 0.0, 0.001, 0.0016, 0.001, 0.0015, 0.0018, 0.0015, 0.001, 0.0005]",0.7515,0.0012
0.01,10,5.0,"[0.7143, 0.8, 0.7143, 0.7059, 0.8125, 0.7647, 0.8, 0.6667, 0.8125, 0.875]","[0.001, 0.0, 0.0015, 0.0006, 0.0014, 0.0011, 0.0015, 0.0016, 0.001, 0.001]",0.7666,0.0011
0.01,10,10.0,"[0.7143, 0.8, 0.7857, 0.7647, 0.8125, 0.8235, 0.7333, 0.6667, 0.8125, 0.875]","[0.0011, 0.001, 0.0011, 0.001, 0.0011, 0.001, 0.0011, 0.001, 0.0011, 0.001]",0.7788,0.0011
0.1,3,0.1,"[0.8571, 0.8667, 0.7143, 0.6471, 1.0, 0.8824, 0.8667, 0.8667, 0.8125, 0.9375]","[0.001, 0.0011, 0.0, 0.0011, 0.001, 0.0, 0.001, 0.0011, 0.001, 0.0011]",0.8451,0.0008
0.1,3,1.0,"[0.8571, 0.8667, 0.7143, 0.7647, 1.0, 0.8235, 0.8, 0.8, 0.8125, 1.0]","[0.001, 0.0, 0.0, 0.001, 0.001, 0.001, 0.001, 0.001, 0.0011, 0.001]",0.8439,0.0008
0.1,3,5.0,"[0.8571, 0.7333, 0.7143, 0.7647, 0.9375, 0.7647, 0.6667, 0.8, 0.8125, 0.9375]","[0.0011, 0.001, 0.001, 0.001, 0.001, 0.001, 0.0, 0.001, 0.001, 0.001]",0.7988,0.0009
0.1,3,10.0,"[0.7857, 0.7333, 0.7143, 0.7647, 0.875, 0.7647, 0.6667, 0.8, 0.8125, 0.9375]","[0.0011, 0.0015, 0.0016, 0.001, 0.0006, 0.0011, 0.001, 0.0021, 0.0021, 0.001]",0.7854,0.0013
0.1,5,0.1,"[0.8571, 0.7333, 0.7143, 0.6471, 1.0, 0.8824, 0.7333, 0.8, 0.8125, 0.9375]","[0.0013, 0.0005, 0.001, 0.001, 0.0012, 0.0011, 0.0011, 0.0016, 0.001, 0.001]",0.8118,0.0011
0.1,5,1.0,"[0.7857, 0.8, 0.7143, 0.6471, 1.0, 0.8824, 0.7333, 0.7333, 0.8125, 0.9375]","[0.0014, 0.0014, 0.001, 0.0012, 0.001, 0.002, 0.0011, 0.001, 0.0013, 0.0005]",0.8046,0.0012
0.1,5,5.0,"[0.7857, 0.8, 0.7857, 0.7647, 0.8125, 0.8235, 0.7333, 0.7333, 0.8125, 0.875]","[0.0014, 0.001, 0.0018, 0.001, 0.002, 0.001, 0.0011, 0.0005, 0.0005, 0.0012]",0.7926,0.0012
0.1,5,10.0,"[0.7857, 0.8, 0.7143, 0.7059, 0.8125, 0.8235, 0.7333, 0.7333, 0.8125, 0.9375]","[0.001, 0.001, 0.0011, 0.001, 0.001, 0.0014, 0.001, 0.0, 0.0005, 0.0012]",0.7858,0.0009
0.1,7,0.1,"[0.7143, 0.7333, 0.7143, 0.5882, 1.0, 0.8235, 0.7333, 0.6667, 0.8125, 0.75]","[0.0005, 0.0013, 0.001, 0.0018, 0.0019, 0.0014, 0.001, 0.0021, 0.0005, 0.001]",0.7536,0.0012
0.1,7,1.0,"[0.7143, 0.7333, 0.7143, 0.7059, 1.0, 0.8235, 0.8667, 0.6667, 0.8125, 0.875]","[0.001, 0.002, 0.0012, 0.0012, 0.0005, 0.0017, 0.001, 0.0017, 0.0014, 0.0005]",0.7912,0.0012
0.1,7,5.0,"[0.7143, 0.8, 0.7857, 0.7647, 0.8125, 0.7647, 0.7333, 0.6667, 0.8125, 0.875]","[0.0026, 0.0014, 0.001, 0.0011, 0.001, 0.002, 0.0011, 0.0014, 0.001, 0.001]",0.7729,0.0014
0.1,7,10.0,"[0.7857, 0.8, 0.7143, 0.7647, 0.8125, 0.8235, 0.7333, 0.7333, 0.8125, 0.9375]","[0.0016, 0.001, 0.001, 0.0017, 0.001, 0.001, 0.001, 0.001, 0.001, 0.001]",0.7917,0.0011
0.1,10,0.1,"[0.7143, 0.7333, 0.7143, 0.7059, 1.0, 0.8824, 0.8, 0.6667, 0.875, 0.6875]","[0.0012, 0.001, 0.001, 0.001, 0.001, 0.0011, 0.001, 0.0015, 0.001, 0.001]",0.7779,0.0011
0.1,10,1.0,"[0.7143, 0.6667, 0.6429, 0.7059, 1.0, 0.7647, 0.7333, 0.6, 0.875, 0.875]","[0.0012, 0.001, 0.001, 0.0011, 0.0016, 0.001, 0.001, 0.0015, 0.001, 0.001]",0.7578,0.0011
0.1,10,5.0,"[0.7143, 0.8, 0.7143, 0.7059, 0.8125, 0.7647, 0.8, 0.6667, 0.8125, 0.875]","[0.001, 0.0011, 0.0012, 0.001, 0.0024, 0.002, 0.0012, 0.0005, 0.0023, 0.0014]",0.7666,0.0014
0.1,10,10.0,"[0.7143, 0.8, 0.7857, 0.7647, 0.8125, 0.8235, 0.7333, 0.6667, 0.8125, 0.875]","[0.0016, 0.0024, 0.001, 0.0014, 0.001, 0.0017, 0.001, 0.001, 0.001, 0.001]",0.7788,0.0013
10.0,3,0.1,"[0.7857, 0.8, 0.7143, 0.7647, 1.0, 0.8824, 0.7333, 0.6667, 0.8125, 0.9375]","[0.001, 0.001, 0.001, 0.001, 0.0, 0.001, 0.001, 0.001, 0.001, 0.001]",0.8097,0.0009
10.0,3,1.0,"[0.7143, 0.8, 0.7857, 0.7647, 0.875, 0.8235, 0.7333, 0.8, 0.8125, 0.875]","[0.001, 0.001, 0.001, 0.001, 0.001, 0.001, 0.001, 0.002, 0.001, 0.001]",0.7984,0.0011
10.0,3,5.0,"[0.7857, 0.8, 0.7143, 0.7647, 0.8125, 0.8235, 0.7333, 0.8, 0.8125, 0.875]","[0.001, 0.001, 0.001, 0.002, 0.0021, 0.0011, 0.001, 0.001, 0.001, 0.002]",0.7922,0.0013
10.0,3,10.0,"[0.7857, 0.8, 0.7143, 0.6471, 0.75, 0.8824, 0.7333, 0.8, 0.8125, 0.9375]","[0.0012, 0.001, 0.0021, 0.0005, 0.0005, 0.0015, 0.0014, 0.0019, 0.0014, 0.0]",0.7863,0.0012
10.0,5,0.1,"[0.7143, 0.6667, 0.7143, 0.7059, 0.9375, 0.7647, 0.8, 0.6667, 0.8125, 0.8125]","[0.0024, 0.001, 0.0012, 0.0016, 0.001, 0.001, 0.001, 0.001, 0.001, 0.001]",0.7595,0.0012
10.0,5,1.0,"[0.7143, 0.7333, 0.7143, 0.7059, 0.9375, 0.7647, 0.8, 0.6667, 0.8125, 0.875]","[0.0017, 0.001, 0.0016, 0.001, 0.001, 0.0, 0.001, 0.0013, 0.001, 0.001]",0.7724,0.0011
10.0,5,5.0,"[0.7857, 0.8, 0.7143, 0.7647, 0.8125, 0.8235, 0.7333, 0.7333, 0.8125, 0.9375]","[0.0, 0.001, 0.0005, 0.0013, 0.001, 0.001, 0.001, 0.0, 0.001, 0.0005]",0.7917,0.0007
10.0,5,10.0,"[0.7857, 0.8, 0.7143, 0.7059, 0.8125, 0.8235, 0.7333, 0.7333, 0.8125, 0.9375]","[0.0011, 0.001, 0.001, 0.001, 0.001, 0.0012, 0.001, 0.001, 0.001, 0.0015]",0.7858,0.0011
10.0,7,0.1,"[0.7143, 0.6667, 0.6429, 0.7059, 1.0, 0.7647, 0.7333, 0.6, 0.875, 0.875]","[0.0016, 0.001, 0.0005, 0.001, 0.0018, 0.0011, 0.0005, 0.0016, 0.0011, 0.0024]",0.7578,0.0013
10.0,7,1.0,"[0.7143, 0.6667, 0.7143, 0.7059, 1.0, 0.7647, 0.8, 0.6667, 0.8125, 0.875]","[0.0011, 0.001, 0.0015, 0.0011, 0.0012, 0.001, 0.0012, 0.0011, 0.0021, 0.0005]",0.772,0.0012
10.0,7,5.0,"[0.7143, 0.8, 0.7857, 0.7647, 0.8125, 0.7647, 0.7333, 0.6667, 0.8125, 0.875]","[0.0011, 0.0016, 0.0011, 0.001, 0.0016, 0.001, 0.0, 0.0014, 0.0011, 0.0011]",0.7729,0.0011
10.0,7,10.0,"[0.7857, 0.8, 0.7143, 0.7647, 0.8125, 0.8235, 0.7333, 0.7333, 0.8125, 0.9375]","[0.001, 0.001, 0.0011, 0.0017, 0.001, 0.002, 0.0016, 0.002, 0.0005, 0.0005]",0.7917,0.0012
10.0,10,0.1,"[0.7143, 0.6, 0.6429, 0.7059, 1.0, 0.8824, 0.7333, 0.6, 0.875, 0.8125]","[0.001, 0.001, 0.001, 0.002, 0.0, 0.001, 0.0, 0.001, 0.001, 0.001]",0.7566,0.0009
10.0,10,1.0,"[0.7143, 0.6667, 0.6429, 0.7059, 1.0, 0.7647, 0.7333, 0.6, 0.875, 0.875]","[0.001, 0.001, 0.001, 0.001, 0.001, 0.001, 0.0, 0.001, 0.0014, 0.001]",0.7578,0.0009
10.0,10,5.0,"[0.7143, 0.8, 0.7143, 0.7059, 0.8125, 0.7647, 0.8, 0.6667, 0.8125, 0.875]","[0.0012, 0.001, 0.0022, 0.001, 0.0024, 0.001, 0.0016, 0.001, 0.001, 0.0015]",0.7666,0.0014
10.0,10,10.0,"[0.7143, 0.8, 0.7857, 0.7647, 0.8125, 0.8235, 0.7333, 0.6667, 0.8125, 0.875]","[0.0016, 0.0011, 0.001, 0.001, 0.001, 0.0005, 0.0033, 0.0022, 0.0021, 0.0012]",0.7788,0.0015
50.0,3,0.1,"[0.7143, 0.8, 0.7143, 0.7647, 0.9375, 0.7647, 0.7333, 0.7333, 0.8125, 0.8125]","[0.0005, 0.0015, 0.001, 0.001, 0.0022, 0.0019, 0.001, 0.001, 0.002, 0.0013]",0.7787,0.0013
50.0,3,1.0,"[0.7143, 0.8, 0.7143, 0.7647, 0.875, 0.7647, 0.7333, 0.7333, 0.8125, 0.875]","[0.0014, 0.0031, 0.0022, 0.001, 0.001, 0.001, 0.0011, 0.002, 0.001, 0.0023]",0.7787,0.0016
50.0,3,5.0,"[0.7857, 0.8, 0.7143, 0.7647, 0.75, 0.8235, 0.7333, 0.8, 0.8125, 0.9375]","[0.0017, 0.002, 0.0021, 0.0023, 0.002, 0.0021, 0.0017, 0.0021, 0.0011, 0.0011]",0.7922,0.0018
50.0,3,10.0,"[0.7857, 0.8, 0.7143, 0.6471, 0.75, 0.8824, 0.7333, 0.8, 0.8125, 0.9375]","[0.002, 0.0011, 0.002, 0.003, 0.0026, 0.0034, 0.001, 0.0029, 0.0011, 0.001]",0.7863,0.002
50.0,5,0.1,"[0.7143, 0.6667, 0.7143, 0.7059, 1.0, 0.7647, 0.8, 0.6667, 0.8125, 0.875]","[0.001, 0.001, 0.001, 0.001, 0.001, 0.001, 0.001, 0.001, 0.0005, 0.001]",0.772,0.001
50.0,5,1.0,"[0.7143, 0.7333, 0.7143, 0.7059, 0.9375, 0.7647, 0.8, 0.6667, 0.8125, 0.875]","[0.0, 0.0016, 0.001, 0.001, 0.001, 0.001, 0.0, 0.0, 0.001, 0.001]",0.7724,0.0008
50.0,5,5.0,"[0.7857, 0.8, 0.7143, 0.7647, 0.8125, 0.8235, 0.7333, 0.7333, 0.8125, 0.9375]","[0.001, 0.001, 0.001, 0.001, 0.001, 0.001, 0.001, 0.001, 0.001, 0.001]",0.7917,0.001
50.0,5,10.0,"[0.7857, 0.8, 0.7143, 0.7059, 0.8125, 0.8235, 0.7333, 0.7333, 0.8125, 0.9375]","[0.002, 0.002, 0.0011, 0.0016, 0.002, 0.002, 0.0015, 0.001, 0.002, 0.001]",0.7858,0.0016
50.0,7,0.1,"[0.7143, 0.6667, 0.6429, 0.7059, 1.0, 0.7647, 0.7333, 0.6, 0.875, 0.875]","[0.0016, 0.002, 0.001, 0.001, 0.001, 0.0014, 0.002, 0.002, 0.002, 0.0015]",0.7578,0.0016
50.0,7,1.0,"[0.7143, 0.6667, 0.7143, 0.7059, 1.0, 0.7647, 0.8, 0.6667, 0.8125, 0.875]","[0.001, 0.001, 0.001, 0.001, 0.001, 0.001, 0.001, 0.001, 0.001, 0.002]",0.772,0.0011
50.0,7,5.0,"[0.7143, 0.8, 0.7857, 0.7647, 0.8125, 0.7647, 0.7333, 0.6667, 0.8125, 0.875]","[0.001, 0.001, 0.001, 0.001, 0.001, 0.001, 0.001, 0.001, 0.001, 0.001]",0.7729,0.001
50.0,7,10.0,"[0.7857, 0.8, 0.7143, 0.7647, 0.8125, 0.8235, 0.7333, 0.7333, 0.8125, 0.9375]","[0.001, 0.0, 0.001, 0.001, 0.001, 0.001, 0.001, 0.001, 0.001, 0.0017]",0.7917,0.001
50.0,10,0.1,"[0.7143, 0.6, 0.6429, 0.7059, 1.0, 0.8824, 0.7333, 0.6, 0.875, 0.8125]","[0.0021, 0.0012, 0.0022, 0.001, 0.0005, 0.0017, 0.0021, 0.0005, 0.001, 0.001]",0.7566,0.0013
50.0,10,1.0,"[0.7143, 0.6667, 0.6429, 0.7059, 1.0, 0.7647, 0.7333, 0.6, 0.875, 0.875]","[0.001, 0.001, 0.0026, 0.002, 0.0011, 0.0016, 0.001, 0.0016, 0.0011, 0.0032]",0.7578,0.0016
50.0,10,5.0,"[0.7143, 0.8, 0.7143, 0.7059, 0.8125, 0.7647, 0.8, 0.6667, 0.8125, 0.875]","[0.001, 0.001, 0.0011, 0.0005, 0.001, 0.001, 0.001, 0.001, 0.001, 0.001]",0.7666,0.001
50.0,10,10.0,"[0.7143, 0.8, 0.7857, 0.7647, 0.8125, 0.8235, 0.7333, 0.6667, 0.8125, 0.875]","[0.0015, 0.001, 0.001, 0.0011, 0.001, 0.001, 0.001, 0.001, 0.0011, 0.001]",0.7788,0.0011
100.0,3,0.1,"[0.7143, 0.8, 0.7143, 0.7647, 0.9375, 0.7647, 0.7333, 0.7333, 0.8125, 0.875]","[0.001, 0.001, 0.001, 0.001, 0.001, 0.001, 0.001, 0.0015, 0.001, 0.0022]",0.785,0.0012
100.0,3,1.0,"[0.7143, 0.8, 0.7143, 0.7647, 0.875, 0.7647, 0.7333, 0.7333, 0.8125, 0.9375]","[0.0028, 0.001, 0.0022, 0.0013, 0.001, 0.0015, 0.0015, 0.0022, 0.002, 0.002]",0.785,0.0018
100.0,3,5.0,"[0.7857, 0.8, 0.7143, 0.7647, 0.75, 0.8235, 0.7333, 0.8, 0.8125, 0.9375]","[0.002, 0.002, 0.003, 0.001, 0.0023, 0.002, 0.0016, 0.001, 0.001, 0.0022]",0.7922,0.0018
100.0,3,10.0,"[0.7857, 0.8, 0.7143, 0.6471, 0.75, 0.8824, 0.7333, 0.8, 0.8125, 0.9375]","[0.001, 0.0005, 0.0011, 0.001, 0.001, 0.0017, 0.0005, 0.001, 0.001, 0.001]",0.7863,0.001
100.0,5,0.1,"[0.7143, 0.6667, 0.7143, 0.7059, 1.0, 0.7647, 0.8, 0.6667, 0.8125, 0.875]","[0.0016, 0.001, 0.0013, 0.001, 0.001, 0.001, 0.001, 0.001, 0.001, 0.0013]",0.772,0.0011
100.0,5,1.0,"[0.7143, 0.7333, 0.7143, 0.7059, 0.9375, 0.7647, 0.8, 0.6667, 0.8125, 0.875]","[0.0, 0.001, 0.001, 0.001, 0.002, 0.001, 0.0024, 0.002, 0.002, 0.002]",0.7724,0.0014
100.0,5,5.0,"[0.7857, 0.8, 0.7143, 0.7647, 0.8125, 0.8235, 0.7333, 0.7333, 0.8125, 0.9375]","[0.0025, 0.002, 0.002, 0.0022, 0.0016, 0.001, 0.0023, 0.002, 0.0016, 0.0027]",0.7917,0.002
100.0,5,10.0,"[0.7857, 0.8, 0.7143, 0.7059, 0.8125, 0.8235, 0.7333, 0.7333, 0.8125, 0.9375]","[0.0016, 0.0005, 0.0011, 0.001, 0.001, 0.0, 0.001, 0.001, 0.0016, 0.0006]",0.7858,0.0009
100.0,7,0.1,"[0.7143, 0.6667, 0.6429, 0.7059, 1.0, 0.7647, 0.7333, 0.6, 0.875, 0.875]","[0.002, 0.001, 0.001, 0.001, 0.001, 0.001, 0.001, 0.002, 0.001, 0.001]",0.7578,0.0012
100.0,7,1.0,"[0.7143, 0.6667, 0.7143, 0.7059, 1.0, 0.7647, 0.8, 0.6667, 0.8125, 0.875]","[0.001, 0.001, 0.001, 0.0018, 0.001, 0.0016, 0.0012, 0.0011, 0.002, 0.0035]",0.772,0.0015
100.0,7,5.0,"[0.7143, 0.8, 0.7857, 0.7647, 0.8125, 0.7647, 0.7333, 0.6667, 0.8125, 0.875]","[0.0027, 0.0011, 0.0022, 0.002, 0.0021, 0.002, 0.0022, 0.0024, 0.001, 0.002]",0.7729,0.002
100.0,7,10.0,"[0.7857, 0.8, 0.7143, 0.7647, 0.8125, 0.8235, 0.7333, 0.7333, 0.8125, 0.9375]","[0.0032, 0.001, 0.0021, 0.001, 0.0015, 0.0005, 0.0011, 0.0017, 0.001, 0.001]",0.7917,0.0014
100.0,10,0.1,"[0.7143, 0.6, 0.6429, 0.7059, 1.0, 0.8824, 0.7333, 0.6, 0.875, 0.8125]","[0.003, 0.002, 0.002, 0.002, 0.002, 0.002, 0.0013, 0.002, 0.0024, 0.0005]",0.7566,0.0019
100.0,10,1.0,"[0.7143, 0.6667, 0.6429, 0.7059, 1.0, 0.7647, 0.7333, 0.6, 0.875, 0.875]","[0.001, 0.0021, 0.002, 0.002, 0.0047, 0.0021, 0.0015, 0.0028, 0.001, 0.002]",0.7578,0.0021
100.0,10,5.0,"[0.7143, 0.8, 0.7143, 0.7059, 0.8125, 0.7647, 0.8, 0.6667, 0.8125, 0.875]","[0.0012, 0.002, 0.002, 0.0022, 0.0025, 0.0028, 0.001, 0.001, 0.0013, 0.001]",0.7666,0.0017
100.0,10,10.0,"[0.7143, 0.8, 0.7857, 0.7647, 0.8125, 0.8235, 0.7333, 0.6667, 0.8125, 0.875]","[0.0013, 0.0012, 0.0011, 0.0011, 0.002, 0.0013, 0.0011, 0.001, 0.0011, 0.0013]",0.7788,0.0012
